{"cameraMode":{"drawMode":0,"name":"Shaded","section":"Shading Mode"},"sceneLighting":false,"audioPlay":false,"sceneViewState":{"showFog":true,"showMaterialUpdate":false,"showSkybox":true,"showFlares":true,"showImageEffects":true,"showParticleSystems":true},"in2DMode":false,"pivot":{"x":0.0,"y":0.5825731754302979,"z":3.725290298461914e-7},"rotation":{"x":-0.10484699159860611,"y":0.3282335698604584,"z":-0.03668713569641113,"w":-0.9380447268486023},"size":4.649297714233398,"orthographic":false}