{"cameraMode":{"drawMode":0,"name":"Shaded","section":"Shading Mode"},"sceneLighting":false,"audioPlay":false,"sceneViewState":{"showFog":true,"showMaterialUpdate":false,"showSkybox":true,"showFlares":true,"showImageEffects":true,"showParticleSystems":true},"in2DMode":false,"pivot":{"x":46.23118209838867,"y":-42.80586242675781,"z":0.0},"rotation":{"x":-0.00330942845903337,"y":-0.012902665883302689,"z":0.00004260497371433303,"w":-0.9999127984046936},"size":186.2020721435547,"orthographic":false}