{"cameraMode":{"drawMode":0,"name":"Shaded","section":"Shading Mode"},"sceneLighting":false,"audioPlay":false,"sceneViewState":{"showFog":true,"showMaterialUpdate":false,"showSkybox":true,"showFlares":true,"showImageEffects":true,"showParticleSystems":true},"in2DMode":false,"pivot":{"x":9.060894012451172,"y":58.15129852294922,"z":0.12481689453125},"rotation":{"x":-0.00330942845903337,"y":-0.012902665883302689,"z":0.00004260497371433303,"w":-0.9999127984046936},"size":271.62786865234377,"orthographic":false}