{"cameraMode":{"drawMode":0,"name":"Shaded","section":"Shading Mode"},"sceneLighting":false,"audioPlay":false,"sceneViewState":{"showFog":true,"showMaterialUpdate":false,"showSkybox":true,"showFlares":true,"showImageEffects":true,"showParticleSystems":true},"in2DMode":false,"pivot":{"x":153.0500030517578,"y":605.1799926757813,"z":0.0},"rotation":{"x":-0.04529435187578201,"y":0.000596273341216147,"z":-0.000026838357371161692,"w":-0.9989753365516663},"size":446.09661865234377,"orthographic":false}