{"cameraMode":{"drawMode":0,"name":"Shaded","section":"Shading Mode"},"sceneLighting":true,"audioPlay":false,"sceneViewState":{"showFog":true,"showMaterialUpdate":false,"showSkybox":true,"showFlares":true,"showImageEffects":true,"showParticleSystems":true},"in2DMode":false,"pivot":{"x":177.31045532226563,"y":406.0643310546875,"z":0.0},"rotation":{"x":0.04612201452255249,"y":-0.04733491316437721,"z":-0.0021875908132642509,"w":-0.9978131651878357},"size":294.753662109375,"orthographic":false}