{"cameraMode":{"drawMode":0,"name":"Shaded","section":"Shading Mode"},"sceneLighting":false,"audioPlay":false,"sceneViewState":{"showFog":true,"showMaterialUpdate":false,"showSkybox":true,"showFlares":true,"showImageEffects":true,"showParticleSystems":true},"in2DMode":false,"pivot":{"x":4.471569061279297,"y":32.199371337890628,"z":-1.7183074951171876},"rotation":{"x":-0.00330942845903337,"y":-0.012902665883302689,"z":0.00004260497371433303,"w":-0.9999127984046936},"size":154.7265625,"orthographic":false}