{"cameraMode":{"drawMode":0,"name":"Shaded","section":"Shading Mode"},"sceneLighting":true,"audioPlay":false,"sceneViewState":{"showFog":true,"showMaterialUpdate":false,"showSkybox":true,"showFlares":true,"showImageEffects":true,"showParticleSystems":true},"in2DMode":false,"pivot":{"x":2.2045164108276369,"y":12.462297439575196,"z":-4.6656036376953129},"rotation":{"x":-0.10484699159860611,"y":0.3282335698604584,"z":-0.03668713569641113,"w":-0.9380447268486023},"size":22.0,"orthographic":false}