{"cameraMode":{"drawMode":0,"name":"Shaded","section":"Shading Mode"},"sceneLighting":false,"audioPlay":false,"sceneViewState":{"showFog":true,"showMaterialUpdate":false,"showSkybox":true,"showFlares":true,"showImageEffects":true,"showParticleSystems":true},"in2DMode":false,"pivot":{"x":-92.76423645019531,"y":-3.7856156826019289,"z":104.25333404541016},"rotation":{"x":-0.03928583860397339,"y":-0.026379533112049104,"z":0.001037471811287105,"w":-0.99888014793396},"size":26.655170440673829,"orthographic":false}